loss_train,accuracy_train,precision_train,recall_train,f1_train,TP_train,TN_train,FP_train,FN_train,loss_val,accuracy_val,precision_val,recall_val,f1_val,TP_val,TN_val,FP_val,FN_val,iteration
0.9306707285465207,0.5071059465408325,0.5018563866615295,0.4990861117839813,0.5004674792289734,135981.0,143300.0,134975.0,136479.0,0.7202991858183446,0.511642575263977,0.5038499236106873,0.874328076839447,0.6392934918403625,102146.0,18617.0,100585.0,14682.0,0
0.7919756384357226,0.5129998922348022,0.5078913569450378,0.5022021532058716,0.5050307512283325,136830.0,145697.0,132578.0,135630.0,0.6908529111274656,0.535169243812561,0.5363708734512329,0.4490019381046295,0.4888131022453308,52456.0,73860.0,45342.0,64372.0,1
0.7455068533551107,0.5160630941390991,0.5110685229301453,0.5032334923744202,0.5071207284927368,137111.0,147103.0,131172.0,135349.0,0.6976715018177206,0.5234419107437134,0.5707910060882568,0.149972602725029,0.23753422498703003,17521.0,106027.0,13175.0,99307.0,2
0.7260979204793367,0.5185052752494812,0.5136209726333618,0.5040482878684998,0.508789598941803,137333.0,148226.0,130049.0,135127.0,0.6942451600330853,0.5267084836959839,0.5138341188430786,0.8134094476699829,0.6298128366470337,95029.0,29290.0,89912.0,21799.0,3
