loss_train,accuracy_train,precision_train,recall_train,f1_train,TP_train,TN_train,FP_train,FN_train,loss_val,accuracy_val,precision_val,recall_val,f1_val,TP_val,TN_val,FP_val,FN_val,iteration
0.6913112147389672,0.5264328718185425,0.5226479768753052,0.4735524356365204,0.49689042568206787,128793.0,161132.0,117631.0,143179.0,0.6872234496490301,0.5409396886825562,0.5519495606422424,0.40591225028038025,0.4677983522415161,47620.0,80058.0,38656.0,69696.0,0
0.6903640040227095,0.5355479717254639,0.5316219925880432,0.5001397132873535,0.5154005289077759,136024.0,158921.0,119842.0,135948.0,0.6858474897781742,0.5469897985458374,0.5560142993927002,0.43964165449142456,0.4910271465778351,51577.0,77529.0,41185.0,65739.0,1
0.6885687032620346,0.5406556725502014,0.5370745658874512,0.5058755874633789,0.5210084319114685,137584.0,160174.0,118589.0,134388.0,0.692272877370948,0.5297673940658569,0.5935642123222351,0.17106787860393524,0.26559117436408997,20069.0,104972.0,13742.0,97247.0,2
0.6878375083502734,0.5431668758392334,0.5398459434509277,0.5075669288635254,0.5232090353965759,138044.0,161097.0,117666.0,133928.0,0.6941904514910573,0.5310596227645874,0.6128812432289124,0.1534658521413803,0.2454666942358017,18004.0,107342.0,11372.0,99312.0,3
